"Name","State","Notes","User","Tags","Created","Runtime","Sweep","batch_size","dropout","hidden_size","learning_rate","n_epochs","num_in","num_layers","num_pred","rid_of_top","RMSE","epoch","test_loss","train_loss"
"VanillaLSTM_pred12_r4_i110_n4_h32_e500_l0.00057_d0.00","crashed","LSTM training with lr=0.0005664558811102839, dropout=0","","","2025-08-03T01:10:21.000Z","45","","64","0","32","0.0005664558811102839","500","110","4","12","4","0.06905365038463432","13","0.006083512822488428","0.004647431663652031"
"VanillaLSTM_pred12_r4_i110_n2_h32_e500_l0.00090_d0.01","crashed","LSTM training with lr=0.0009047134346141663, dropout=0.01","","","2025-08-03T00:43:58.000Z","90","","32","0.01","32","0.0009047134346141664","500","110","2","12","4","0.07108205577391617","19","0.00611673565614367","0.003939764775709933"
"VanillaLSTM_pred12_r4_i110_n4_h32_e500_l0.00085_d0.00","crashed","LSTM training with lr=0.0008487650826912204, dropout=0","","","2025-08-03T01:04:43.000Z","61","","64","0","32","0.0008487650826912204","500","110","4","12","4","0.07165955255794484","14","0.005358077904280175","0.004041633597807959"
"VanillaLSTM_pred12_r4_i110_n2_h32_e500_l0.00044_d0.00","crashed","LSTM training with lr=0.00044458931466262675, dropout=0","","","2025-08-02T23:58:44.000Z","91","","32","0","32","0.00044458931466262675","500","110","2","12","4","0.07331199547643345","19","0.0062655392716786905","0.003934061879627245"
"VanillaLSTM_pred12_r4_i110_n4_h32_e500_l0.00065_d0.00","crashed","LSTM training with lr=0.0006487034438810717, dropout=0","","","2025-08-03T00:59:17.000Z","91","","32","0","32","0.0006487034438810717","500","110","4","12","4","0.07376626173384623","15","0.006418790289883985","0.004200523215131713"
"VanillaLSTM_pred12_r4_i110_n2_h32_e500_l0.00049_d0.00","crashed","LSTM training with lr=0.00048699285724811587, dropout=0","","","2025-08-03T00:01:09.000Z","75","","32","0","32","0.00048699285724811587","500","110","2","12","4","0.07420384420363581","19","0.006536134647597115","0.003652022070427374"
"VanillaLSTM_pred12_r4_i110_n4_h32_e500_l0.00027_d0.30","crashed","LSTM training with lr=0.0002693447548623844, dropout=0.3","","","2025-08-02T23:35:43.000Z","90","","32","0.3","32","0.0002693447548623844","500","110","4","12","4","0.07436723786835196","15","0.006416390612719601","0.004919213561162506"
"VanillaLSTM_pred12_r4_i110_n4_h32_e500_l0.00047_d0.00","crashed","LSTM training with lr=0.0004676052883980884, dropout=0","","","2025-08-03T01:12:36.000Z","60","","64","0","32","0.0004676052883980884","500","110","4","12","4","0.07446418702973978","12","0.005831359051954991","0.005042072312537624"
"VanillaLSTM_pred12_r4_i110_n2_h32_e500_l0.00039_d0.01","crashed","LSTM training with lr=0.00039056491924405775, dropout=0.01","","","2025-08-03T00:31:08.000Z","75","","32","0.01","32","0.00039056491924405775","500","110","2","12","4","0.07473303458555486","19","0.0050226349431797745","0.00436857670058215"
"VanillaLSTM_pred12_r4_i110_n4_h32_e500_l0.00092_d0.01","crashed","LSTM training with lr=0.0009159360317686476, dropout=0.01","","","2025-08-03T00:42:11.000Z","91","","32","0.01","32","0.0009159360317686476","500","110","4","12","4","0.0750262133240088","15","0.005700535089011739","0.004406875649992326"
"VanillaLSTM_pred12_r4_i110_n4_h32_e500_l0.00080_d0.00","crashed","LSTM training with lr=0.0008039356770363925, dropout=0","","","2025-08-03T01:04:38.000Z","45","","64","0","32","0.0008039356770363925","500","110","4","12","4","0.07513781088432189","13","0.006427178501234411","0.004708610419210887"
"VanillaLSTM_pred12_r4_i110_n4_h32_e500_l0.00068_d0.30","crashed","LSTM training with lr=0.000683939913318347, dropout=0.3","","","2025-08-02T23:26:30.000Z","105","","32","0.3","32","0.000683939913318347","500","110","4","12","4","0.07523470639756877","22","0.007365077317815279","0.003020433398598544"
"VanillaLSTM_pred12_r4_i110_n4_h32_e500_l0.00025_d0.30","crashed","LSTM training with lr=0.00024644803016679633, dropout=0.3","","","2025-08-03T00:04:18.000Z","105","","32","0.3","32","0.00024644803016679633","500","110","4","12","4","0.07530954087811065","23","0.007048895112612754","0.004237985235951488"
"VanillaLSTM_pred12_r4_i110_n2_h256_e500_l0.00032_d0.00","crashed","LSTM training with lr=0.0003183625303196753, dropout=0","","","2025-08-02T23:10:22.000Z","90","","128","0","256","0.0003183625303196753","500","110","2","12","4","0.07532044043462467","21","0.006474899329138376","0.004333198777766026"
"VanillaLSTM_pred12_r4_i110_n4_h32_e500_l0.00039_d0.00","crashed","LSTM training with lr=0.0003892659595500978, dropout=0","","","2025-08-02T23:43:29.000Z","121","","32","0","32","0.0003892659595500978","500","110","4","12","4","0.07533951700747135","23","0.007290645946199112","0.0030835923320557275"
"VanillaLSTM_pred12_r4_i110_n4_h32_e500_l0.00084_d0.00","crashed","LSTM training with lr=0.0008421736464997959, dropout=0","","","2025-08-03T01:08:13.000Z","60","","64","0","32","0.0008421736464997959","500","110","4","12","4","0.07534823604284696","14","0.005625914986371715","0.004747639072727886"
"VanillaLSTM_pred12_r4_i110_n4_h32_e500_l0.00034_d0.30","crashed","LSTM training with lr=0.00034040301393609287, dropout=0.3","","","2025-08-02T23:24:46.000Z","90","","32","0.3","32","0.00034040301393609287","500","110","4","12","4","0.07535000650862474","15","0.007787288701726197","0.004602720249108459"
"VanillaLSTM_pred12_r4_i110_n2_h128_e500_l0.00071_d0.10","crashed","LSTM training with lr=0.0007110717061885472, dropout=0.1","","","2025-08-03T00:24:50.000Z","76","","32","0.1","128","0.0007110717061885472","500","110","2","12","4","0.07543691682265866","17","0.006073350819638357","0.003023228601994487"
"VanillaLSTM_pred12_r4_i110_n4_h32_e500_l0.00059_d0.00","crashed","LSTM training with lr=0.0005894664839003693, dropout=0","","","2025-08-03T01:00:53.000Z","76","","64","0","32","0.0005894664839003693","500","110","4","12","4","0.0755072840685734","27","0.005888930159146964","0.00316718061430369"
"VanillaLSTM_pred12_r4_i110_n4_h32_e500_l0.00060_d0.20","crashed","LSTM training with lr=0.0006039321604725471, dropout=0.2","","","2025-08-02T23:59:40.000Z","46","","64","0.2","32","0.0006039321604725471","500","110","4","12","4","0.07567144614512226","13","0.005588724912519231","0.004743545056916935"
"VanillaLSTM_pred12_r4_i110_n4_h32_e500_l0.00076_d0.01","crashed","LSTM training with lr=0.0007614705203208462, dropout=0.01","","","2025-08-03T01:02:20.000Z","45","","32","0.01","32","0.0007614705203208462","500","110","4","12","4","0.07593292741443447","7","0.006637977323075594","0.00510623035891886"
"VanillaLSTM_pred12_r4_i110_n4_h32_e500_l0.00038_d0.30","crashed","LSTM training with lr=0.00038144421615490565, dropout=0.3","","","2025-08-03T00:21:17.000Z","120","","32","0.3","32","0.0003814442161549057","500","110","4","12","4","0.07596768817667729","22","0.005997634644619568","0.0031693931040656887"
"VanillaLSTM_pred12_r4_i110_n4_h32_e500_l0.00099_d0.00","crashed","LSTM training with lr=0.0009912062021609584, dropout=0","","","2025-08-03T01:06:20.000Z","45","","64","0","32","0.0009912062021609584","500","110","4","12","4","0.07601478310061349","12","0.005485559117716104","0.004554353704685453"
"VanillaLSTM_pred12_r4_i110_n4_h256_e500_l0.00082_d0.00","crashed","LSTM training with lr=0.0008224023512770387, dropout=0","","","2025-08-03T01:06:36.000Z","76","","64","0","256","0.0008224023512770387","500","110","4","12","4","0.07608685694139605","7","0.005854374646034802","0.004805719324810205"
"VanillaLSTM_pred12_r4_i110_n4_h32_e500_l0.00039_d0.01","crashed","LSTM training with lr=0.00038892445358158545, dropout=0.01","","","2025-08-02T23:44:42.000Z","90","","32","0.01","32","0.00038892445358158545","500","110","4","12","4","0.07615065082571297","15","0.00619929890373267","0.004273071964093042"
"VanillaLSTM_pred12_r4_i110_n2_h32_e500_l0.00080_d0.00","crashed","LSTM training with lr=0.0008001663109995457, dropout=0","","","2025-08-02T23:57:55.000Z","60","","32","0","32","0.0008001663109995457","500","110","2","12","4","0.07665332352478868","9","0.005194962879851667","0.004877861469119014"
"VanillaLSTM_pred12_r4_i110_n4_h32_e500_l0.00086_d0.00","crashed","LSTM training with lr=0.0008633865905858292, dropout=0","","","2025-08-03T01:09:16.000Z","46","","64","0","32","0.0008633865905858292","500","110","4","12","4","0.07673873954700805","13","0.005529794495380295","0.0038917330958385217"
"VanillaLSTM_pred12_r4_i110_n2_h32_e500_l0.00050_d0.00","crashed","LSTM training with lr=0.0004971587527686659, dropout=0","","","2025-08-03T00:01:45.000Z","76","","32","0","32","0.0004971587527686659","500","110","2","12","4","0.07686095340748714","19","0.005401463677378087","0.003970611094469554"
"VanillaLSTM_pred12_r4_i110_n2_h32_e500_l0.00054_d0.00","crashed","LSTM training with lr=0.000544411510757563, dropout=0","","","2025-08-03T00:31:41.000Z","76","","32","0","32","0.000544411510757563","500","110","2","12","4","0.07747327078043471","19","0.0057354154066126305","0.004044494906370057"
"VanillaLSTM_pred12_r4_i110_n2_h32_e500_l0.00081_d0.00","crashed","LSTM training with lr=0.0008087698253303994, dropout=0","","","2025-08-02T23:57:18.000Z","61","","32","0","32","0.0008087698253303994","500","110","2","12","4","0.07781159626368629","9","0.006169074723958888","0.004903629142925617"
"VanillaLSTM_pred12_r4_i110_n4_h32_e500_l0.00057_d0.40","crashed","LSTM training with lr=0.0005695068750256688, dropout=0.4","","","2025-08-03T01:01:03.000Z","46","","64","0.4","32","0.0005695068750256688","500","110","4","12","4","0.07788675635448043","12","0.0061174154851632466","0.005089370254057088"
"VanillaLSTM_pred12_r4_i110_n4_h32_e500_l0.00043_d0.40","crashed","LSTM training with lr=0.0004274255831861599, dropout=0.4","","","2025-08-03T00:08:56.000Z","90","","32","0.4","32","0.0004274255831861599","500","110","4","12","4","0.07788991538744743","15","0.005994198046559146","0.004519083881949214"
"VanillaLSTM_pred12_r4_i110_n4_h32_e500_l0.00017_d0.30","crashed","LSTM training with lr=0.0001727052756204826, dropout=0.3","","","2025-08-03T00:07:20.000Z","106","","32","0.3","32","0.0001727052756204826","500","110","4","12","4","0.07807529838365096","23","0.005666538241620159","0.004473839825461013"
"VanillaLSTM_pred12_r4_i110_n4_h32_e500_l0.00026_d0.30","crashed","LSTM training with lr=0.00026495639604603787, dropout=0.3","","","2025-08-02T23:34:04.000Z","91","","32","0.3","32","0.00026495639604603787","500","110","4","12","4","0.07813587252776116","15","0.006474973445099995","0.004793275774922895"
"VanillaLSTM_pred12_r4_i110_n4_h32_e500_l0.00021_d0.50","crashed","LSTM training with lr=0.00021017120903990444, dropout=0.5","","","2025-08-02T23:37:37.000Z","90","","32","0.5","32","0.00021017120903990444","500","110","4","12","4","0.0781428103883108","15","0.006746195339548902","0.005067407883834255"
"VanillaLSTM_pred12_r4_i110_n2_h256_e500_l0.00048_d0.00","crashed","LSTM training with lr=0.0004817129468121206, dropout=0","","","2025-08-02T23:52:58.000Z","90","","32","0","256","0.0004817129468121206","500","110","2","12","4","0.07832263954349063","6","0.005878850909888539","0.0053447146381512605"
"VanillaLSTM_pred12_r4_i110_n4_h32_e500_l0.00062_d0.00","crashed","LSTM training with lr=0.0006181466086037844, dropout=0","","","2025-08-03T00:56:54.000Z","105","","32","0","32","0.0006181466086037844","500","110","4","12","4","0.07840666798539206","23","0.005673238963944131","0.0030706204725728867"
"VanillaLSTM_pred12_r4_i110_n4_h32_e500_l0.00022_d0.30","crashed","LSTM training with lr=0.00022391037835544283, dropout=0.3","","","2025-08-02T23:33:29.000Z","106","","32","0.3","32","0.00022391037835544283","500","110","4","12","4","0.07849987551360652","23","0.005774215098990911","0.004407223399423703"
"VanillaLSTM_pred12_r4_i110_n2_h32_e500_l0.00029_d0.00","crashed","LSTM training with lr=0.0002932002715694614, dropout=0","","","2025-08-03T00:44:41.000Z","90","","32","0","32","0.0002932002715694614","500","110","2","12","4","0.07886772593385105","18","0.006710483511969217","0.0042483519059636175"
"VanillaLSTM_pred12_r4_i110_n4_h32_e500_l0.00045_d0.01","crashed","LSTM training with lr=0.0004486009986274552, dropout=0.01","","","2025-08-03T00:29:14.000Z","105","","32","0.01","32","0.0004486009986274552","500","110","4","12","4","0.0790084748743509","23","0.006723041185982055","0.003124980340286823"
"VanillaLSTM_pred12_r4_i110_n2_h32_e500_l0.00051_d0.00","crashed","LSTM training with lr=0.000505757187941989, dropout=0","","","2025-08-02T23:51:01.000Z","105","","32","0","32","0.000505757187941989","500","110","2","12","4","0.07902477994610058","29","0.00554079586810049","0.003813315161264628"
"VanillaLSTM_pred12_r4_i110_n4_h64_e500_l0.00023_d0.30","crashed","LSTM training with lr=0.0002276142730005798, dropout=0.3","","","2025-08-03T00:04:44.000Z","90","","32","0.3","64","0.0002276142730005798","500","110","4","12","4","0.0792450185802476","15","0.006335361701289164","0.004610257878084667"
"VanillaLSTM_pred12_r4_i110_n4_h32_e500_l0.00023_d0.50","crashed","LSTM training with lr=0.0002281488258970876, dropout=0.5","","","2025-08-02T23:36:27.000Z","135","","32","0.5","32","0.0002281488258970876","500","110","4","12","4","0.07933745817283663","31","0.007824713612123026","0.004106123794640369"
"VanillaLSTM_pred12_r4_i110_n4_h32_e500_l0.00035_d0.30","crashed","LSTM training with lr=0.0003507907072547215, dropout=0.3","","","2025-08-02T23:22:18.000Z","105","","32","0.3","32","0.0003507907072547215","500","110","4","12","4","0.07937061748208556","23","0.008330447953731864","0.0036707034827791417"
"VanillaLSTM_pred12_r4_i110_n4_h32_e500_l0.00038_d0.50","crashed","LSTM training with lr=0.00037923404864339687, dropout=0.5","","","2025-08-03T00:21:41.000Z","120","","32","0.5","32","0.00037923404864339687","500","110","4","12","4","0.07983074189358089","22","0.007076873835821088","0.004389516042943807"
"VanillaLSTM_pred12_r4_i110_n4_h32_e500_l0.00063_d0.00","crashed","LSTM training with lr=0.0006294484930150816, dropout=0","","","2025-08-03T00:55:05.000Z","90","","32","0","32","0.0006294484930150816","500","110","4","12","4","0.07985449128860482","15","0.005432171582665605","0.004336903407667411"
"VanillaLSTM_pred12_r4_i110_n4_h32_e500_l0.00063_d0.00","crashed","LSTM training with lr=0.0006296263559055287, dropout=0","","","2025-08-03T00:58:53.000Z","105","","32","0","32","0.0006296263559055287","500","110","4","12","4","0.07994624200919564","23","0.007145459005616953","0.0028413381978732834"
"VanillaLSTM_pred12_r4_i110_n3_h256_e500_l0.00099_d0.10","crashed","LSTM training with lr=0.000991734011740584, dropout=0.1","","","2025-08-02T23:13:42.000Z","45","","128","0.1","256","0.000991734011740584","500","110","3","12","4","0.0803990969498036","6","0.00674338015066193","0.005430252436613072"
"VanillaLSTM_pred12_r4_i110_n3_h32_e500_l0.00042_d0.30","crashed","LSTM training with lr=0.00042363279680645227, dropout=0.3","","","2025-08-03T00:54:26.000Z","76","","32","0.3","32","0.00042363279680645227","500","110","3","12","4","0.08090716119055799","15","0.007637094532364694","0.004234194020303962"
"VanillaLSTM_pred12_r4_i110_n4_h32_e500_l0.00071_d0.10","crashed","LSTM training with lr=0.0007053639674843361, dropout=0.1","","","2025-08-03T00:24:33.000Z","105","","32","0.1","32","0.0007053639674843361","500","110","4","12","4","0.08108857468790855","21","0.006080286190071887","0.0026477111538473755"
"VanillaLSTM_pred12_r4_i110_n2_h32_e500_l0.00053_d0.00","crashed","LSTM training with lr=0.0005267421772005542, dropout=0","","","2025-08-02T23:51:52.000Z","75","","32","0","32","0.0005267421772005542","500","110","2","12","4","0.08148566667004949","19","0.006608580485924075","0.003608542258869399"
"VanillaLSTM_pred12_r4_i110_n4_h256_e500_l0.00034_d0.30","crashed","LSTM training with lr=0.00034304372912056223, dropout=0.3","","","2025-08-03T00:39:01.000Z","181","","32","0.3","256","0.00034304372912056223","500","110","4","12","4","0.08163415061651516","8","0.005154493613631741","0.0051692820152784615"
"VanillaLSTM_pred12_r4_i110_n2_h32_e500_l0.00030_d0.00","crashed","LSTM training with lr=0.00030000351393601817, dropout=0","","","2025-08-02T23:55:50.000Z","60","","32","0","32","0.00030000351393601817","500","110","2","12","4","0.08170412652624401","9","0.006375457899310062","0.005077121668543016"
"VanillaLSTM_pred12_r4_i110_n3_h256_e500_l0.00098_d0.10","crashed","LSTM training with lr=0.0009773345451800962, dropout=0.1","","","2025-08-02T23:14:14.000Z","46","","128","0.1","256","0.0009773345451800962","500","110","3","12","4","0.08219532637598592","7","0.005763368005500524","0.005090527086400271"
"VanillaLSTM_pred12_r4_i110_n2_h32_e500_l0.00051_d0.00","crashed","LSTM training with lr=0.0005087359426486443, dropout=0","","","2025-08-03T00:47:12.000Z","60","","32","0","32","0.0005087359426486443","500","110","2","12","4","0.08239719123985019","9","0.005353454959263429","0.005017959768942764"
"VanillaLSTM_pred12_r4_i110_n2_h32_e500_l0.00056_d0.01","crashed","LSTM training with lr=0.000556675251376617, dropout=0.01","","","2025-08-03T00:34:08.000Z","75","","32","0.01","32","0.000556675251376617","500","110","2","12","4","0.0830127817838193","19","0.006612615240371695","0.0042257051308208"
"VanillaLSTM_pred12_r4_i110_n4_h32_e500_l0.00036_d0.30","crashed","LSTM training with lr=0.0003600250533220294, dropout=0.3","","","2025-08-02T23:31:36.000Z","90","","32","0.3","32","0.0003600250533220294","500","110","4","12","4","0.08333864886181311","15","0.005641147523715422","0.004575235404429495"
"VanillaLSTM_pred12_r4_i110_n4_h32_e500_l0.00028_d0.50","crashed","LSTM training with lr=0.0002781720086175242, dropout=0.5","","","2025-08-03T00:23:38.000Z","45","","32","0.5","32","0.0002781720086175242","500","110","4","12","4","0.08358489175295299","7","0.005932641645627299","0.006069332443654128"
"VanillaLSTM_pred12_r4_i110_n3_h128_e500_l0.00043_d0.30","crashed","LSTM training with lr=0.00042972791974623954, dropout=0.3","","","2025-08-03T00:53:27.000Z","46","","32","0.3","128","0.00042972791974623954","500","110","3","12","4","0.08361737094797841","6","0.006232022492872314","0.005118523347709662"
"VanillaLSTM_pred12_r4_i110_n4_h32_e500_l0.00072_d0.20","crashed","LSTM training with lr=0.0007236933280317857, dropout=0.2","","","2025-08-03T00:48:56.000Z","45","","32","0.2","32","0.0007236933280317857","500","110","4","12","4","0.08378410066267145","6","0.005791456023034851","0.005217296415297288"
"VanillaLSTM_pred12_r4_i110_n4_h32_e500_l0.00019_d0.30","crashed","LSTM training with lr=0.00019194249078219558, dropout=0.3","","","2025-08-03T00:27:19.000Z","45","","32","0.3","32","0.0001919424907821956","500","110","4","12","4","0.08381463478725917","6","0.006171723566046166","0.006230171098702888"
"VanillaLSTM_pred12_r4_i110_n4_h32_e500_l0.00077_d0.00","crashed","LSTM training with lr=0.00076980990044156, dropout=0","","","2025-08-03T01:03:17.000Z","60","","64","0","32","0.00076980990044156","500","110","4","12","4","0.08394505158670466","13","0.005636248992805351","0.004554177817788965"
"VanillaLSTM_pred12_r4_i110_n3_h256_e500_l0.00001_d0.01","crashed","LSTM training with lr=1.1156931802362521e-05, dropout=0.01","","","2025-08-02T23:53:17.000Z","135","","32","0.01","256","0.00001115693180236252","500","110","3","12","4","0.08400943406616004","6","0.007005421482619399","0.007228044082321136"
"VanillaLSTM_pred12_r4_i110_n3_h256_e500_l0.00017_d0.30","crashed","LSTM training with lr=0.0001738566055919949, dropout=0.3","","","2025-08-03T00:10:44.000Z","256","","32","0.3","256","0.0001738566055919949","500","110","3","12","4","0.08407823105869784","18","0.007104340769437226","0.003943381858892023"
"VanillaLSTM_pred12_r4_i110_n4_h32_e500_l0.00055_d0.01","crashed","LSTM training with lr=0.0005534787909893233, dropout=0.01","","","2025-08-03T00:32:37.000Z","105","","32","0.01","32","0.0005534787909893233","500","110","4","12","4","0.08414229734518806","22","0.0062810950332722725","0.00332185488623719"
"VanillaLSTM_pred12_r4_i110_n3_h256_e500_l0.00091_d0.10","crashed","LSTM training with lr=0.0009097951860516953, dropout=0.1","","","2025-08-02T23:13:18.000Z","46","","128","0.1","256","0.0009097951860516952","500","110","3","12","4","0.08415269423232144","6","0.005928761507766467","0.005163643706315385"
"VanillaLSTM_pred12_r4_i110_n4_h32_e500_l0.00033_d0.30","crashed","LSTM training with lr=0.00032644390608896004, dropout=0.3","","","2025-08-02T23:31:48.000Z","90","","32","0.3","32","0.00032644390608896004","500","110","4","12","4","0.08463394369485143","15","0.00614556917743384","0.00471185393327971"
"VanillaLSTM_pred12_r4_i110_n2_h32_e500_l0.00061_d0.00","crashed","LSTM training with lr=0.0006148389159756404, dropout=0","","","2025-08-03T00:34:45.000Z","90","","32","0","32","0.0006148389159756404","500","110","2","12","4","0.08486823907382171","19","0.006507944596143586","0.003306713116863632"
"VanillaLSTM_pred12_r4_i110_n4_h32_e500_l0.00045_d0.01","crashed","LSTM training with lr=0.00045085059205176887, dropout=0.01","","","2025-08-03T00:29:44.000Z","105","","32","0.01","32","0.00045085059205176887","500","110","4","12","4","0.08488855810876612","23","0.006078476383698193","0.003937859009114239"
"VanillaLSTM_pred12_r4_i110_n4_h32_e500_l0.00036_d0.30","crashed","LSTM training with lr=0.0003592061385223473, dropout=0.3","","","2025-08-03T00:38:07.000Z","45","","32","0.3","32","0.0003592061385223473","500","110","4","12","4","0.08491147010647344","6","0.006317758950373846","0.005773081958147218"
"VanillaLSTM_pred12_r4_i110_n4_h32_e500_l0.00039_d0.30","crashed","LSTM training with lr=0.000392384808649491, dropout=0.3","","","2025-08-03T00:19:55.000Z","90","","32","0.3","32","0.000392384808649491","500","110","4","12","4","0.08536976011929397","15","0.00654163521691468","0.004667245996143599"
"VanillaLSTM_pred12_r4_i110_n3_h256_e500_l0.00018_d0.30","crashed","LSTM training with lr=0.00017766882467183862, dropout=0.3","","","2025-08-03T00:15:23.000Z","330","","32","0.3","256","0.00017766882467183862","500","110","3","12","4","0.08542257650436483","19","0.006056867304150843","0.003606202267455219"
"VanillaLSTM_pred12_r4_i110_n4_h32_e500_l0.00022_d0.30","crashed","LSTM training with lr=0.0002184038918901762, dropout=0.3","","","2025-08-03T00:37:12.000Z","46","","32","0.3","32","0.0002184038918901762","500","110","4","12","4","0.08552865266544844","6","0.005916922676596751","0.006037000248681705"
"VanillaLSTM_pred12_r4_i110_n2_h32_e500_l0.00050_d0.00","crashed","LSTM training with lr=0.0005032588920181323, dropout=0","","","2025-08-03T00:02:42.000Z","76","","32","0","32","0.0005032588920181323","500","110","2","12","4","0.08576715005746155","18","0.006523435870527648","0.0035720041485683657"
"VanillaLSTM_pred12_r4_i110_n4_h128_e500_l0.00054_d0.40","crashed","LSTM training with lr=0.0005406811193804535, dropout=0.4","","","2025-08-02T23:46:33.000Z","60","","32","0.4","128","0.0005406811193804535","500","110","4","12","4","0.08588372541835661","4","0.005549300133428577","0.005598556194144888"
"VanillaLSTM_pred12_r4_i110_n4_h32_e500_l0.00037_d0.10","crashed","LSTM training with lr=0.0003668796154261711, dropout=0.1","","","2025-08-03T01:13:46.000Z","90","","32","0.1","32","0.0003668796154261711","500","110","4","12","4","0.08590022806704542","15","0.006111478403051444","0.004314730312379825"
"VanillaLSTM_pred12_r4_i110_n4_h32_e500_l0.00059_d0.00","crashed","LSTM training with lr=0.0005893484754184384, dropout=0","","","2025-08-03T01:09:30.000Z","46","","64","0","32","0.0005893484754184384","500","110","4","12","4","0.08601894982785727","12","0.005738056085716044","0.004805763946365662"
"VanillaLSTM_pred12_r4_i110_n4_h64_e500_l0.00002_d0.10","crashed","LSTM training with lr=2.4110054492524365e-05, dropout=0.1","","","2025-08-02T23:50:53.000Z","45","","32","0.1","64","0.000024110054492524365","500","110","4","12","4","0.08603836817624184","7","0.006719932087043726","0.006987432718937786"
"VanillaLSTM_pred12_r4_i110_n4_h32_e500_l0.00063_d0.00","crashed","LSTM training with lr=0.0006329738919952438, dropout=0","","","2025-08-03T00:57:35.000Z","90","","32","0","32","0.0006329738919952438","500","110","4","12","4","0.08603937404725472","15","0.006506915118024525","0.004469617776474458"
"VanillaLSTM_pred12_r4_i110_n4_h32_e500_l0.00029_d0.50","crashed","LSTM training with lr=0.00028684467600562286, dropout=0.5","","","2025-08-03T00:23:56.000Z","45","","32","0.5","32","0.00028684467600562286","500","110","4","12","4","0.08642683941065063","6","0.006093567285773935","0.006138522656213201"
"VanillaLSTM_pred12_r4_i110_n3_h256_e500_l0.00001_d0.01","crashed","LSTM training with lr=1.2122202258439225e-05, dropout=0.01","","","2025-08-02T23:54:42.000Z","136","","32","0.01","256","0.000012122202258439225","500","110","3","12","4","0.08644451085683683","7","0.006562237154682833","0.006686073913631929"
"VanillaLSTM_pred12_r4_i110_n4_h32_e500_l0.00077_d0.00","crashed","LSTM training with lr=0.0007728376692777499, dropout=0","","","2025-08-03T01:02:48.000Z","60","","64","0","32","0.0007728376692777499","500","110","4","12","4","0.0871934084974634","13","0.005645641069105379","0.004766268950901828"
"VanillaLSTM_pred12_r4_i110_n4_h32_e500_l0.00066_d0.30","crashed","LSTM training with lr=0.0006558450157991857, dropout=0.3","","","2025-08-02T23:27:09.000Z","91","","32","0.3","32","0.0006558450157991857","500","110","4","12","4","0.0873197663577913","15","0.005617985344097677","0.004166698016830575"
"VanillaLSTM_pred12_r4_i110_n4_h64_e500_l0.00025_d0.30","crashed","LSTM training with lr=0.00025069798854076035, dropout=0.3","","","2025-08-03T00:06:23.000Z","45","","32","0.3","64","0.00025069798854076035","500","110","4","12","4","0.08767566967313947","6","0.006208492406683576","0.0055809814077156"
"VanillaLSTM_pred12_r4_i110_n4_h256_e500_l0.00098_d0.00","crashed","LSTM training with lr=0.0009829115190192706, dropout=0","","","2025-08-03T01:07:22.000Z","91","","64","0","256","0.0009829115190192706","500","110","4","12","4","0.08777447984954925","6","0.005828767424225421","0.004856775444461238"
"VanillaLSTM_pred12_r4_i110_n4_h256_e500_l0.00002_d0.20","crashed","LSTM training with lr=1.884477415306006e-05, dropout=0.2","","","2025-08-02T23:12:03.000Z","60","","128","0.2","256","0.00001884477415306006","500","110","4","12","4","0.08827364973415189","4","0.008135105033337217","0.008399086032665705"
"VanillaLSTM_pred12_r4_i110_n2_h128_e500_l0.00015_d0.30","crashed","LSTM training with lr=0.0001494206143364177, dropout=0.3","","","2025-08-02T23:16:01.000Z","75","","32","0.3","128","0.0001494206143364177","500","110","2","12","4","0.0885500570365405","17","0.006616456690604337","0.004276326463469963"
"VanillaLSTM_pred12_r4_i110_n4_h256_e500_l0.00020_d0.50","crashed","LSTM training with lr=0.00020016990689989873, dropout=0.5","","","2025-08-02T23:39:21.000Z","151","","32","0.5","256","0.00020016990689989873","500","110","4","12","4","0.08873781661515592","7","0.007180420779626008","0.005270125898377798"
"VanillaLSTM_pred12_r4_i110_n4_h32_e500_l0.00002_d0.30","crashed","LSTM training with lr=2.0193487129648706e-05, dropout=0.3","","","2025-08-02T23:49:59.000Z","46","","32","0.3","32","0.000020193487129648703","500","110","4","12","4","0.08880404342672399","7","0.007485427829488657","0.009309834244996148"
"VanillaLSTM_pred12_r4_i110_n4_h64_e500_l0.00030_d0.50","crashed","LSTM training with lr=0.00030228139784439073, dropout=0.5","","","2025-08-03T00:49:51.000Z","90","","32","0.5","64","0.00030228139784439073","500","110","4","12","4","0.08901334557185599","14","0.005516574814302412","0.004711220977875684"
"VanillaLSTM_pred12_r4_i110_n4_h32_e500_l0.00038_d0.50","crashed","LSTM training with lr=0.00038489768673973706, dropout=0.5","","","2025-08-03T01:13:36.000Z","45","","32","0.5","32","0.00038489768673973706","500","110","4","12","4","0.08911348887802453","6","0.006501709157772153","0.005774013868686501"
"VanillaLSTM_pred12_r4_i110_n4_h32_e500_l0.00031_d0.30","crashed","LSTM training with lr=0.000305576413420538, dropout=0.3","","","2025-08-03T00:18:09.000Z","90","","32","0.3","32","0.000305576413420538","500","110","4","12","4","0.08914918093160562","15","0.005642549149849367","0.004387028593692129"
"VanillaLSTM_pred12_r4_i110_n4_h64_e500_l0.00024_d0.30","crashed","LSTM training with lr=0.0002445029073208252, dropout=0.3","","","2025-08-03T00:06:15.000Z","90","","32","0.3","64","0.0002445029073208252","500","110","4","12","4","0.08958813325071364","15","0.007755686749153281","0.004655842259667566"
"VanillaLSTM_pred12_r4_i110_n4_h32_e500_l0.00067_d0.30","crashed","LSTM training with lr=0.0006748478647152447, dropout=0.3","","","2025-08-02T23:28:23.000Z","91","","32","0.3","32","0.0006748478647152447","500","110","4","12","4","0.089716685249046","15","0.005679203390121109","0.003889909043798433"
"VanillaLSTM_pred12_r4_i110_n3_h128_e500_l0.00042_d0.30","crashed","LSTM training with lr=0.000417492796700373, dropout=0.3","","","2025-08-03T00:53:03.000Z","106","","32","0.3","128","0.000417492796700373","500","110","3","12","4","0.09054754873693815","20","0.005426585145558627","0.003346981448543627"
"VanillaLSTM_pred12_r4_i110_n4_h256_e500_l0.00030_d0.30","crashed","LSTM training with lr=0.00029883706295281336, dropout=0.3","","","2025-08-03T00:41:31.000Z","165","","32","0.3","256","0.00029883706295281336","500","110","4","12","4","0.09104267062668206","7","0.006206339806457155","0.004957798834435233"
"VanillaLSTM_pred12_r4_i110_n4_h32_e500_l0.00033_d0.30","crashed","LSTM training with lr=0.0003347326503510619, dropout=0.3","","","2025-08-03T00:26:50.000Z","45","","32","0.3","32","0.0003347326503510619","500","110","4","12","4","0.09114822641175284","7","0.006608099156484685","0.005735193788779851"
"VanillaLSTM_pred12_r4_i110_n4_h32_e500_l0.00066_d0.30","crashed","LSTM training with lr=0.0006647595475469449, dropout=0.3","","","2025-08-02T23:29:38.000Z","105","","32","0.3","32","0.0006647595475469449","500","110","4","12","4","0.09121056805663788","23","0.0054384058124989434","0.0034177547414596006"
"VanillaLSTM_pred12_r4_i110_n4_h32_e500_l0.00020_d0.50","crashed","LSTM training with lr=0.00020168252759576746, dropout=0.5","","","2025-08-02T23:38:58.000Z","45","","32","0.5","32","0.00020168252759576743","500","110","4","12","4","0.0916203574307282","7","0.008920297663670017","0.006256574536979904"
"VanillaLSTM_pred12_r4_i110_n4_h128_e500_l0.00010_d0.40","crashed","LSTM training with lr=9.549361935607614e-05, dropout=0.4","","","2025-08-02T23:45:39.000Z","61","","32","0.4","128","0.00009549361935607614","500","110","4","12","4","0.0916996081216004","5","0.005882847750395541","0.006050433483324014"
"VanillaLSTM_pred12_r4_i110_n4_h32_e500_l0.00026_d0.00","crashed","LSTM training with lr=0.0002579886331786638, dropout=0","","","2025-08-03T00:28:13.000Z","46","","32","0","32","0.0002579886331786638","500","110","4","12","4","0.09273581842296608","7","0.006458675215106245","0.005496215337230972"
"VanillaLSTM_pred12_r4_i110_n4_h32_e500_l0.00042_d0.30","crashed","LSTM training with lr=0.00042454902016503347, dropout=0.3","","","2025-08-02T23:48:09.000Z","90","","32","0.3","32","0.00042454902016503347","500","110","4","12","4","0.09357820829386684","15","0.005264113596766091","0.004628518883208206"
"VanillaLSTM_pred12_r4_i110_n3_h256_e500_l0.00014_d0.30","crashed","LSTM training with lr=0.0001355588549214217, dropout=0.3","","","2025-08-02T23:16:20.000Z","345","","32","0.3","256","0.0001355588549214217","500","110","3","12","4","0.09378665685044468","23","0.006809790398823342","0.002669380158090068"
"VanillaLSTM_pred12_r4_i110_n4_h256_e500_l0.00036_d0.30","crashed","LSTM training with lr=0.0003555751989098634, dropout=0.3","","","2025-08-03T00:38:40.000Z","151","","32","0.3","256","0.0003555751989098634","500","110","4","12","4","0.09494365625723436","7","0.007404193440187582","0.00493407005474787"
"VanillaLSTM_pred12_r4_i110_n2_h128_e500_l0.00027_d0.01","crashed","LSTM training with lr=0.0002724659266922004, dropout=0.01","","","2025-08-02T23:09:48.000Z","76","","32","0.01","128","0.0002724659266922004","500","110","2","12","4","0.09525586047740638","17","0.006488262891602032","0.003074162848619475"
"VanillaLSTM_pred12_r4_i110_n4_h32_e500_l0.00066_d0.30","crashed","LSTM training with lr=0.0006641337530609951, dropout=0.3","","","2025-08-02T23:30:06.000Z","90","","32","0.3","32","0.0006641337530609951","500","110","4","12","4","0.09606960066508886","15","0.006364165425967193","0.003790714287614945"
"VanillaLSTM_pred12_r4_i110_n4_h256_e500_l0.00033_d0.00","crashed","LSTM training with lr=0.00032717084213360715, dropout=0","","","2025-08-02T23:21:16.000Z","346","","32","0","256","0.00032717084213360715","500","110","4","12","4","0.09780124657240773","19","0.006142351163173998","0.0010853527532520332"
"VanillaLSTM_pred12_r4_i110_n2_h256_e500_l0.00012_d0.00","crashed","LSTM training with lr=0.00011895630173313852, dropout=0","","","2025-08-02T23:20:19.000Z","46","","64","0","256","0.00011895630173313852","500","110","2","12","4","0.0986777019561096","6","0.005724272169687583","0.005597703291084402"
"VanillaLSTM_pred12_r4_i110_n3_h256_e500_l0.00017_d0.30","crashed","LSTM training with lr=0.00016744196715893033, dropout=0.3","","","2025-08-03T00:11:00.000Z","331","","32","0.3","256","0.0001674419671589303","500","110","3","12","4","0.10123130709050836","20","0.006913758489622236","0.00341356534882135"
"VanillaLSTM_pred12_r4_i110_n4_h256_e500_l0.00016_d0.50","crashed","LSTM training with lr=0.0001551739495941748, dropout=0.5","","","2025-08-02T23:42:11.000Z","91","","64","0.5","256","0.0001551739495941748","500","110","4","12","4","0.10216536282065372","7","0.005892293095307306","0.005738283408943004"
"VanillaLSTM_pred12_r4_i110_n4_h256_e500_l0.00019_d0.00","crashed","LSTM training with lr=0.00018623781048148527, dropout=0","","","2025-08-02T23:39:53.000Z","195","","64","0","256","0.00018623781048148527","500","110","4","12","4","0.11037682090863324","16","0.006813608319578084","0.0031233692729799884"
"VanillaLSTM_pred12_r4_i110_n4_h32_e500_l0.00004_d0.00","crashed","LSTM training with lr=4.323466030875271e-05, dropout=0","","","2025-08-03T00:28:34.000Z","16","","64","0","32","0.00004323466030875271","500","110","4","12","4","","","",""
"VanillaLSTM_pred12_r4_i110_n4_h32_e500_l0.00039_d0.30","crashed","LSTM training with lr=0.0003913742480383042, dropout=0.3","","","2025-08-02T23:33:15.000Z","30","","32","0.3","32","0.0003913742480383042","500","110","4","12","4","","","",""
"VanillaLSTM_pred12_r4_i110_n3_h64_e500_l0.00053_d0.10","crashed","LSTM training with lr=0.0005296446781288513, dropout=0.1","","","2025-08-02T23:15:09.000Z","0","","256","0.1","64","0.0005296446781288513","500","110","3","12","4","","","",""
"VanillaLSTM_pred12_r4_i110_n3_h64_e500_l0.00028_d0.50","crashed","LSTM training with lr=0.00028459804454799854, dropout=0.5","","","2025-08-02T23:09:04.000Z","31","","32","0.5","64","0.00028459804454799854","500","110","3","12","4","","","",""
"VanillaLSTM_pred12_r4_i110_n2_h32_e500_l0.00007_d0.20","crashed","LSTM training with lr=6.888490703227297e-05, dropout=0.2","","","2025-08-02T23:18:18.000Z","15","","256","0.2","32","0.00006888490703227297","500","110","2","12","4","","","",""
"VanillaLSTM_pred12_r4_i110_n4_h32_e500_l0.00033_d0.00","crashed","LSTM training with lr=0.0003321265677781427, dropout=0","","","2025-08-03T01:12:06.000Z","16","","64","0","32","0.0003321265677781427","500","110","4","12","4","","","",""
"VanillaLSTM_pred12_r4_i110_n4_h32_e500_l0.00059_d0.00","crashed","LSTM training with lr=0.0005854267896916611, dropout=0","","","2025-08-03T01:10:33.000Z","16","","128","0","32","0.0005854267896916611","500","110","4","12","4","","","",""
"VanillaLSTM_pred12_r4_i110_n2_h32_e500_l0.00050_d0.00","crashed","LSTM training with lr=0.0004983976517773587, dropout=0","","","2025-08-03T00:46:24.000Z","31","","32","0","32","0.0004983976517773587","500","110","2","12","4","","","",""
"VanillaLSTM_pred12_r4_i110_n4_h32_e500_l0.00064_d0.30","crashed","LSTM training with lr=0.0006431795750957515, dropout=0.3","","","2025-08-02T23:28:48.000Z","31","","32","0.3","32","0.0006431795750957515","500","110","4","12","4","","","",""
"VanillaLSTM_pred12_r4_i110_n2_h32_e500_l0.00013_d0.20","crashed","LSTM training with lr=0.00013168080571452774, dropout=0.2","","","2025-08-02T23:08:18.000Z","30","","64","0.2","32","0.00013168080571452774","500","110","2","12","4","","","",""
"VanillaLSTM_pred12_r4_i110_n2_h32_e500_l0.00032_d0.00","crashed","LSTM training with lr=0.0003150788455818746, dropout=0","","","2025-08-03T00:47:29.000Z","31","","32","0","32","0.0003150788455818746","500","110","2","12","4","","","",""
"VanillaLSTM_pred12_r4_i110_n2_h32_e500_l0.00035_d0.00","crashed","LSTM training with lr=0.00034556866876672547, dropout=0","","","2025-08-03T00:01:02.000Z","31","","32","0","32","0.00034556866876672547","500","110","2","12","4","","","",""
"VanillaLSTM_pred12_r4_i110_n4_h32_e500_l0.00016_d0.50","crashed","LSTM training with lr=0.00015898409517591398, dropout=0.5","","","2025-08-02T23:43:48.000Z","30","","32","0.5","32","0.00015898409517591398","500","110","4","12","4","","","",""
"VanillaLSTM_pred12_r4_i110_n2_h32_e500_l0.00049_d0.00","crashed","LSTM training with lr=0.0004946660935320811, dropout=0","","","2025-08-03T00:56:46.000Z","30","","32","0","32","0.0004946660935320811","500","110","2","12","4","","","",""
"VanillaLSTM_pred12_r4_i110_n2_h128_e500_l0.00009_d0.30","crashed","LSTM training with lr=8.841415913263534e-05, dropout=0.3","","","2025-08-03T00:52:39.000Z","30","","32","0.3","128","0.00008841415913263534","500","110","2","12","4","","","",""
"VanillaLSTM_pred12_r4_i110_n2_h128_e500_l0.00032_d0.10","crashed","LSTM training with lr=0.00031969847315145035, dropout=0.1","","","2025-08-03T00:26:21.000Z","15","","128","0.1","128","0.00031969847315145035","500","110","2","12","4","","","",""
"VanillaLSTM_pred12_r4_i110_n2_h32_e500_l0.00062_d0.00","crashed","LSTM training with lr=0.0006168072164347276, dropout=0","","","2025-08-03T00:35:42.000Z","31","","32","0","32","0.0006168072164347276","500","110","2","12","4","","","",""
"VanillaLSTM_pred12_r4_i110_n2_h32_e500_l0.00023_d0.00","crashed","LSTM training with lr=0.0002275735031241299, dropout=0","","","2025-08-02T23:57:14.000Z","30","","32","0","32","0.0002275735031241299","500","110","2","12","4","","","",""
"VanillaLSTM_pred12_r4_i110_n3_h32_e500_l0.00018_d0.20","crashed","LSTM training with lr=0.0001836999906305285, dropout=0.2","","","2025-08-02T23:19:33.000Z","0","","256","0.2","32","0.0001836999906305285","500","110","3","12","4","","","",""
"VanillaLSTM_pred12_r4_i110_n4_h32_e500_l0.00043_d0.20","crashed","LSTM training with lr=0.00042842591468804185, dropout=0.2","","","2025-08-03T00:00:26.000Z","15","","128","0.2","32","0.00042842591468804185","500","110","4","12","4","","","",""
"VanillaLSTM_pred12_r4_i110_n2_h32_e500_l0.00059_d0.30","crashed","LSTM training with lr=0.0005903201033600439, dropout=0.3","","","2025-08-02T23:59:14.000Z","15","","64","0.3","32","0.0005903201033600439","500","110","2","12","4","","","",""
"VanillaLSTM_pred12_r4_i110_n2_h32_e500_l0.00053_d0.00","crashed","LSTM training with lr=0.000531710882721992, dropout=0","","","2025-08-03T00:50:28.000Z","30","","32","0","32","0.000531710882721992","500","110","2","12","4","","","",""
"VanillaLSTM_pred12_r4_i110_n4_h64_e500_l0.00048_d0.00","crashed","LSTM training with lr=0.0004803563620263556, dropout=0","","","2025-08-02T23:15:17.000Z","0","","256","0","64","0.0004803563620263556","500","110","4","12","4","","","",""
"VanillaLSTM_pred12_r4_i110_n2_h32_e500_l0.00006_d0.01","crashed","LSTM training with lr=5.997968867967629e-05, dropout=0.01","","","2025-08-02T23:18:49.000Z","0","","256","0.01","32","0.00005997968867967629","500","110","2","12","4","","","",""
"VanillaLSTM_pred12_r4_i110_n4_h32_e500_l0.00058_d0.00","crashed","LSTM training with lr=0.0005842288207359397, dropout=0","","","2025-08-03T01:04:09.000Z","16","","64","0","32","0.0005842288207359397","500","110","4","12","4","","","",""
"VanillaLSTM_pred12_r4_i110_n3_h64_e500_l0.00012_d0.20","crashed","LSTM training with lr=0.00012353860918077646, dropout=0.2","","","2025-08-02T23:19:50.000Z","16","","64","0.2","64","0.00012353860918077646","500","110","3","12","4","","","",""
"VanillaLSTM_pred12_r4_i110_n4_h32_e500_l0.00015_d0.01","crashed","LSTM training with lr=0.00015058902405593955, dropout=0.01","","","2025-08-03T01:02:10.000Z","15","","64","0.01","32","0.00015058902405593955","500","110","4","12","4","","","",""
"VanillaLSTM_pred12_r4_i110_n2_h32_e500_l0.00020_d0.01","crashed","LSTM training with lr=0.00020000276795554143, dropout=0.01","","","2025-08-02T23:19:07.000Z","16","","256","0.01","32","0.00020000276795554143","500","110","2","12","4","","","",""
"VanillaLSTM_pred12_r4_i110_n2_h64_e500_l0.00001_d0.30","crashed","LSTM training with lr=1.0497967752761297e-05, dropout=0.3","","","2025-08-02T23:12:11.000Z","15","","64","0.3","64","0.000010497967752761295","500","110","2","12","4","","","",""
"VanillaLSTM_pred12_r4_i110_n2_h32_e500_l0.00023_d0.00","crashed","LSTM training with lr=0.0002342607550884671, dropout=0","","","2025-08-02T23:13:13.000Z","16","","64","0","32","0.0002342607550884671","500","110","2","12","4","","","",""
"VanillaLSTM_pred12_r4_i110_n2_h32_e500_l0.00047_d0.00","crashed","LSTM training with lr=0.0004735262128323823, dropout=0","","","2025-08-03T00:36:32.000Z","0","","128","0","32","0.0004735262128323823","500","110","2","12","4","","","",""
"VanillaLSTM_pred12_r4_i110_n4_h32_e500_l0.00020_d0.20","crashed","LSTM training with lr=0.00019709550455200185, dropout=0.2","","","2025-08-03T00:48:39.000Z","31","","32","0.2","32","0.00019709550455200185","500","110","4","12","4","","","",""
"VanillaLSTM_pred12_r4_i110_n2_h32_e500_l0.00050_d0.00","crashed","LSTM training with lr=0.0005034243672785238, dropout=0","","","2025-08-03T00:56:02.000Z","30","","32","0","32","0.0005034243672785238","500","110","2","12","4","","","",""
"VanillaLSTM_pred12_r4_i110_n2_h32_e500_l0.00027_d0.20","crashed","LSTM training with lr=0.0002721210273833113, dropout=0.2","","","2025-08-03T00:48:34.000Z","0","","256","0.2","32","0.0002721210273833113","500","110","2","12","4","","","",""
"VanillaLSTM_pred12_r4_i110_n4_h64_e500_l0.00035_d0.10","crashed","LSTM training with lr=0.0003509407817725938, dropout=0.1","","","2025-08-02T23:50:05.000Z","31","","32","0.1","64","0.0003509407817725938","500","110","4","12","4","","","",""
"VanillaLSTM_pred12_r4_i110_n2_h32_e500_l0.00027_d0.50","crashed","LSTM training with lr=0.000272898506032159, dropout=0.5","","","2025-08-03T00:03:15.000Z","30","","32","0.5","32","0.000272898506032159","500","110","2","12","4","","","",""
"VanillaLSTM_pred12_r4_i110_n4_h64_e500_l0.00055_d0.00","crashed","LSTM training with lr=0.000547775764183613, dropout=0","","","2025-08-03T01:11:29.000Z","15","","64","0","64","0.000547775764183613","500","110","4","12","4","","","",""
"VanillaLSTM_pred12_r4_i110_n4_h32_e500_l0.00070_d0.00","crashed","LSTM training with lr=0.0007006496135427259, dropout=0","","","2025-08-03T01:05:42.000Z","16","","64","0","32","0.0007006496135427259","500","110","4","12","4","","","",""
"VanillaLSTM_pred12_r4_i110_n4_h32_e500_l0.00013_d0.40","crashed","LSTM training with lr=0.00013443997498112606, dropout=0.4","","","2025-08-03T00:10:19.000Z","0","","256","0.4","32","0.00013443997498112606","500","110","4","12","4","","","",""
"VanillaLSTM_pred12_r4_i110_n2_h32_e500_l0.00041_d0.01","crashed","LSTM training with lr=0.0004067500984301369, dropout=0.01","","","2025-08-02T23:47:45.000Z","0","","128","0.01","32","0.0004067500984301369","500","110","2","12","4","","","",""
"VanillaLSTM_pred12_r4_i110_n2_h32_e500_l0.00080_d0.01","crashed","LSTM training with lr=0.0008034053051249418, dropout=0.01","","","2025-08-02T23:48:03.000Z","0","","128","0.01","32","0.0008034053051249418","500","110","2","12","4","","","",""
"VanillaLSTM_pred12_r4_i110_n2_h32_e500_l0.00010_d0.20","crashed","LSTM training with lr=9.692460895920208e-05, dropout=0.2","","","2025-08-02T23:08:12.000Z","31","","256","0.2","32","0.00009692460895920208","500","110","2","12","4","","","",""
"VanillaLSTM_pred12_r4_i110_n4_h32_e500_l0.00025_d0.30","crashed","LSTM training with lr=0.0002505084676166923, dropout=0.3","","","2025-08-03T00:27:43.000Z","30","","32","0.3","32","0.0002505084676166923","500","110","4","12","4","","","",""
"VanillaLSTM_pred12_r4_i110_n4_h32_e500_l0.00068_d0.00","crashed","LSTM training with lr=0.0006788220449781917, dropout=0","","","2025-08-03T01:11:00.000Z","15","","128","0","32","0.0006788220449781917","500","110","4","12","4","","","",""
"VanillaLSTM_pred12_r4_i110_n4_h32_e500_l0.00039_d0.30","crashed","LSTM training with lr=0.0003901750338351206, dropout=0.3","","","2025-08-03T00:36:56.000Z","31","","32","0.3","32","0.0003901750338351206","500","110","4","12","4","","","",""
"VanillaLSTM_pred12_r4_i110_n4_h32_e500_l0.00063_d0.00","crashed","LSTM training with lr=0.000633776762546611, dropout=0","","","2025-08-03T01:15:19.000Z","16","","64","0","32","0.000633776762546611","500","110","4","12","4","","","",""
"VanillaLSTM_pred12_r4_i110_n3_h64_e500_l0.00095_d0.10","crashed","LSTM training with lr=0.0009514842742580802, dropout=0.1","","","2025-08-02T23:11:23.000Z","30","","128","0.1","64","0.0009514842742580802","500","110","3","12","4","","","",""
"VanillaLSTM_pred12_r4_i110_n2_h32_e500_l0.00041_d0.00","crashed","LSTM training with lr=0.0004050660335540678, dropout=0","","","2025-08-03T00:46:40.000Z","31","","32","0","32","0.0004050660335540678","500","110","2","12","4","","","",""
"VanillaLSTM_pred12_r4_i110_n4_h32_e500_l0.00022_d0.01","crashed","LSTM training with lr=0.0002158401404619252, dropout=0.01","","","2025-08-03T00:16:44.000Z","16","","128","0.01","32","0.0002158401404619252","500","110","4","12","4","","","",""
"VanillaLSTM_pred12_r4_i110_n2_h32_e500_l0.00023_d0.00","crashed","LSTM training with lr=0.00023385152939577568, dropout=0","","","2025-08-03T00:51:35.000Z","31","","32","0","32","0.00023385152939577568","500","110","2","12","4","","","",""
"VanillaLSTM_pred12_r4_i110_n4_h32_e500_l0.00035_d0.20","crashed","LSTM training with lr=0.00035446492810402644, dropout=0.2","","","2025-08-03T00:00:37.000Z","16","","128","0.2","32","0.00035446492810402644","500","110","4","12","4","","","",""
"VanillaLSTM_pred12_r4_i110_n2_h32_e500_l0.00028_d0.00","crashed","LSTM training with lr=0.000275589043626806, dropout=0","","","2025-08-03T00:48:16.000Z","0","","256","0","32","0.000275589043626806","500","110","2","12","4","","","",""
"VanillaLSTM_pred12_r4_i110_n4_h32_e500_l0.00074_d0.50","crashed","LSTM training with lr=0.0007389134621211143, dropout=0.5","","","2025-08-03T00:49:33.000Z","30","","32","0.5","32","0.0007389134621211143","500","110","4","12","4","","","",""
"VanillaLSTM_pred12_r4_i110_n2_h128_e500_l0.00047_d0.40","crashed","LSTM training with lr=0.0004719610151360405, dropout=0.4","","","2025-08-02T23:15:36.000Z","15","","128","0.4","128","0.0004719610151360405","500","110","2","12","4","","","",""
"VanillaLSTM_pred12_r4_i110_n2_h256_e500_l0.00004_d0.50","crashed","LSTM training with lr=3.794023212754581e-05, dropout=0.5","","","2025-08-02T23:12:38.000Z","30","","128","0.5","256","0.00003794023212754581","500","110","2","12","4","","","",""
"VanillaLSTM_pred12_r4_i110_n4_h64_e500_l0.00046_d0.00","crashed","LSTM training with lr=0.00046014605624302714, dropout=0","","","2025-08-02T23:15:31.000Z","15","","128","0","64","0.00046014605624302714","500","110","4","12","4","","","",""
"VanillaLSTM_pred12_r4_i110_n2_h32_e500_l0.00046_d0.00","crashed","LSTM training with lr=0.00046391798805759017, dropout=0","","","2025-08-03T00:36:26.000Z","1","","128","0","32","0.00046391798805759017","500","110","2","12","4","","","",""
"VanillaLSTM_pred12_r4_i110_n4_h32_e500_l0.00046_d0.00","crashed","LSTM training with lr=0.0004605812566479211, dropout=0","","","2025-08-03T01:15:30.000Z","15","","64","0","32","0.0004605812566479211","500","110","4","12","4","","","",""
"VanillaLSTM_pred12_r4_i110_n4_h32_e500_l0.00018_d0.30","crashed","LSTM training with lr=0.00017502487701598823, dropout=0.3","","","2025-08-03T00:08:02.000Z","30","","32","0.3","32","0.00017502487701598823","500","110","4","12","4","","","",""
"VanillaLSTM_pred12_r4_i110_n4_h32_e500_l0.00037_d0.30","crashed","LSTM training with lr=0.0003660365440401022, dropout=0.3","","","2025-08-03T00:00:49.000Z","0","","256","0.3","32","0.0003660365440401022","500","110","4","12","4","","","",""
"VanillaLSTM_pred12_r4_i110_n4_h32_e500_l0.00069_d0.00","crashed","LSTM training with lr=0.0006851507549474916, dropout=0","","","2025-08-03T01:11:22.000Z","16","","64","0","32","0.0006851507549474916","500","110","4","12","4","","","",""
"VanillaLSTM_pred12_r4_i110_n2_h32_e500_l0.00024_d0.00","crashed","LSTM training with lr=0.00023538411891725137, dropout=0","","","2025-08-03T00:51:55.000Z","30","","32","0","32","0.00023538411891725137","500","110","2","12","4","","","",""
"VanillaLSTM_pred12_r4_i110_n4_h64_e500_l0.00003_d0.00","crashed","LSTM training with lr=3.082371271563587e-05, dropout=0","","","2025-08-02T23:10:01.000Z","0","","128","0","64","0.00003082371271563587","500","110","4","12","4","","","",""
"VanillaLSTM_pred12_r4_i110_n4_h32_e500_l0.00047_d0.50","crashed","LSTM training with lr=0.0004704108680098453, dropout=0.5","","","2025-08-03T01:12:42.000Z","30","","32","0.5","32","0.0004704108680098453","500","110","4","12","4","","","",""
"VanillaLSTM_pred12_r4_i110_n4_h32_e500_l0.00031_d0.30","crashed","LSTM training with lr=0.00030660524256954333, dropout=0.3","","","2025-08-02T23:49:12.000Z","31","","32","0.3","32","0.00030660524256954333","500","110","4","12","4","","","",""
"VanillaLSTM_pred12_r4_i110_n4_h32_e500_l0.00014_d0.40","crashed","LSTM training with lr=0.00013582123075353453, dropout=0.4","","","2025-08-03T00:10:39.000Z","1","","256","0.4","32","0.00013582123075353453","500","110","4","12","4","","","",""
"VanillaLSTM_pred12_r4_i110_n2_h32_e500_l0.00008_d0.20","crashed","LSTM training with lr=7.821111462279577e-05, dropout=0.2","","","2025-08-02T23:17:35.000Z","15","","256","0.2","32","0.00007821111462279577","500","110","2","12","4","","","",""
"VanillaLSTM_pred12_r4_i110_n4_h32_e500_l0.00011_d0.30","crashed","LSTM training with lr=0.00010780761959588508, dropout=0.3","","","2025-08-03T00:17:13.000Z","30","","32","0.3","32","0.00010780761959588508","500","110","4","12","4","","","",""
"VanillaLSTM_pred12_r4_i110_n4_h32_e500_l0.00080_d0.30","crashed","LSTM training with lr=0.000801872808071336, dropout=0.3","","","2025-08-02T23:48:22.000Z","30","","32","0.3","32","0.000801872808071336","500","110","4","12","4","","","",""
"VanillaLSTM_pred12_r4_i110_n4_h32_e500_l0.00032_d0.50","crashed","LSTM training with lr=0.00032043534123493846, dropout=0.5","","","2025-08-02T23:24:22.000Z","16","","128","0.5","32","0.00032043534123493846","500","110","4","12","4","","","",""
"VanillaLSTM_pred12_r4_i110_n2_h32_e500_l0.00042_d0.00","crashed","LSTM training with lr=0.00041602987885398237, dropout=0","","","2025-08-03T00:45:52.000Z","30","","32","0","32","0.0004160298788539824","500","110","2","12","4","","","",""
"VanillaLSTM_pred12_r4_i110_n4_h32_e500_l0.00052_d0.00","crashed","LSTM training with lr=0.0005184552845071955, dropout=0","","","2025-08-03T01:11:59.000Z","15","","64","0","32","0.0005184552845071955","500","110","4","12","4","","","",""
"VanillaLSTM_pred12_r4_i110_n4_h32_e500_l0.00026_d0.30","crashed","LSTM training with lr=0.00026269887035539253, dropout=0.3","","","2025-08-02T23:35:36.000Z","30","","32","0.3","32","0.00026269887035539253","500","110","4","12","4","","","",""
"VanillaLSTM_pred12_r4_i110_n4_h32_e500_l0.00045_d0.00","crashed","LSTM training with lr=0.00044584606465666534, dropout=0","","","2025-08-03T00:29:08.000Z","16","","64","0","32","0.00044584606465666534","500","110","4","12","4","","","",""
"VanillaLSTM_pred12_r4_i110_n2_h32_e500_l0.00037_d0.30","crashed","LSTM training with lr=0.00036928277906003373, dropout=0.3","","","2025-08-03T00:52:21.000Z","31","","32","0.3","32","0.00036928277906003373","500","110","2","12","4","","","",""
"VanillaLSTM_pred12_r4_i110_n3_h256_e500_l0.00089_d0.10","crashed","LSTM training with lr=0.0008907786811763156, dropout=0.1","","","2025-08-02T23:14:37.000Z","31","","256","0.1","256","0.0008907786811763156","500","110","3","12","4","","","",""
"VanillaLSTM_pred12_r4_i110_n2_h32_e500_l0.00024_d0.00","crashed","LSTM training with lr=0.00024233588474408083, dropout=0","","","2025-08-03T00:51:10.000Z","31","","32","0","32","0.00024233588474408083","500","110","2","12","4","","","",""
"VanillaLSTM_pred12_r4_i110_n4_h32_e500_l0.00033_d0.30","crashed","LSTM training with lr=0.00033136948871947134, dropout=0.3","","","2025-08-03T00:26:27.000Z","30","","32","0.3","32","0.00033136948871947134","500","110","4","12","4","","","",""
"VanillaLSTM_pred12_r4_i110_n2_h32_e500_l0.00029_d0.50","crashed","LSTM training with lr=0.00029258807776751534, dropout=0.5","","","2025-08-03T00:04:02.000Z","30","","32","0.5","32","0.00029258807776751534","500","110","2","12","4","","","",""
"VanillaLSTM_pred12_r4_i110_n4_h128_e500_l0.00024_d0.01","crashed","LSTM training with lr=0.00024106361752518173, dropout=0.01","","","2025-08-02T23:47:25.000Z","30","","128","0.01","128","0.00024106361752518173","500","110","4","12","4","","","",""
"VanillaLSTM_pred12_r4_i110_n4_h32_e500_l0.00069_d0.00","crashed","LSTM training with lr=0.0006865707275812262, dropout=0","","","2025-08-03T01:06:00.000Z","16","","64","0","32","0.0006865707275812262","500","110","4","12","4","","","",""
"VanillaLSTM_pred12_r4_i110_n2_h32_e500_l0.00046_d0.00","crashed","LSTM training with lr=0.00046388989331440584, dropout=0","","","2025-08-03T00:36:50.000Z","1","","128","0","32","0.00046388989331440584","500","110","2","12","4","","","",""
"VanillaLSTM_pred12_r4_i110_n4_h32_e500_l0.00063_d0.00","crashed","LSTM training with lr=0.0006283897829260333, dropout=0","","","2025-08-03T01:14:39.000Z","16","","64","0","32","0.0006283897829260333","500","110","4","12","4","","","",""
"VanillaLSTM_pred12_r4_i110_n3_h128_e500_l0.00004_d0.40","crashed","LSTM training with lr=4.263440980990843e-05, dropout=0.4","","","2025-08-02T23:09:09.000Z","16","","128","0.4","128","0.00004263440980990843","500","110","3","12","4","","","",""
"VanillaLSTM_pred12_r4_i110_n4_h128_e500_l0.00057_d0.01","crashed","LSTM training with lr=0.0005656356554550068, dropout=0.01","","","2025-08-02T23:46:49.000Z","15","","128","0.01","128","0.0005656356554550068","500","110","4","12","4","","","",""
"VanillaLSTM_pred12_r4_i110_n2_h128_e500_l0.00046_d0.40","crashed","LSTM training with lr=0.00046364619112644216, dropout=0.4","","","2025-08-02T23:15:54.000Z","15","","128","0.4","128","0.00046364619112644216","500","110","2","12","4","","","",""
"VanillaLSTM_pred12_r4_i110_n4_h32_e500_l0.00056_d0.01","crashed","LSTM training with lr=0.0005593262872521152, dropout=0.01","","","2025-08-03T00:33:15.000Z","31","","32","0.01","32","0.0005593262872521152","500","110","4","12","4","","","",""
"VanillaLSTM_pred12_r4_i110_n4_h32_e500_l0.00044_d0.30","crashed","LSTM training with lr=0.00043959858406807193, dropout=0.3","","","2025-08-03T00:09:26.000Z","31","","32","0.3","32","0.00043959858406807193","500","110","4","12","4","","","",""
"VanillaLSTM_pred12_r4_i110_n4_h32_e500_l0.00022_d0.30","crashed","LSTM training with lr=0.00022045687270421478, dropout=0.3","","","2025-08-03T00:37:48.000Z","30","","32","0.3","32","0.0002204568727042148","500","110","4","12","4","","","",""